{
  "calibration_seed": 424242,
  "delta_distinct": 0.3222547878140335,
  "same_homotopy": [
    0.058957040955248646,
    0.025693381306712604,
    0.06589605039782744,
    0.019107927327140544,
    0.01931845658721738,
    0.05081318197545291,
    0.041143078631226536,
    0.014116068853842135,
    0.06715965710843315,
    0.05762195294002686,
    0.05641591922705934,
    0.2700061702436799,
    0.03997017527585698,
    0.10039612768250288,
    0.023605442130753405,
    0.03568183452867299,
    0.09201990507265945,
    0.062489128338565965,
    0.036470901099126936,
    0.24159502327003077
  ],
  "cross_homotopy": [
    0.45170429126221995,
    0.43054984558622184,
    0.40358376458685885,
    0.4438893120422163,
    0.44980049052130494,
    0.42912534687900633,
    0.5648412837912116,
    0.4047000642098402,
    0.5617770082909325,
    0.6156887164688756,
    0.4831587061502084,
    0.5935716941269054,
    0.480742564968095,
    0.4973299842801962,
    0.7513759011074554,
    0.7833822415439696,
    0.3617883730367554,
    0.4105724290784371,
    0.4583557777021294,
    0.4688730186723954
  ],
  "same_p95": 0.24301558061871326,
  "cross_p5": 0.4014939950093537,
  "sha256": "dce71eb0623ed65e2748c700d9e91e4c6887efa4e54b7d4bae67559eda58d040"
}